"Date","Price","Open","High","Low","Vol.","Change %"
"15-11-2024","23,571.50","23,650.00","23,677.00","23,404.00","18.86K","-0.29%"
"14-11-2024","23,641.00","23,640.50","23,752.50","23,559.00","50.24K","-0.01%"
"13-11-2024","23,643.50","23,899.00","23,938.00","23,595.00","59.36K","-1.23%"
"12-11-2024","23,938.00","24,225.00","24,312.00","23,855.50","46.75K","-1.17%"
"11-11-2024","24,221.50","24,133.00","24,428.00","24,085.00","43.00K","0.09%"
"08-11-2024","24,199.00","24,331.50","24,378.00","24,105.50","47.75K","-0.33%"
"07-11-2024","24,278.50","24,477.00","24,557.00","24,203.00","53.54K","-1.20%"
"06-11-2024","24,572.50","24,389.00","24,665.00","24,209.50","56.59K","1.25%"
"05-11-2024","24,269.50","24,118.50","24,328.50","23,979.00","43.69K","0.61%"
"04-11-2024","24,121.50","24,225.50","24,357.50","23,881.00","63.20K","-0.76%"
"01-11-2024","24,305.50","24,394.00","24,433.00","24,301.00","9.12K","0.41%"
"31-10-2024","24,205.35","24,295.50","24,331.00","24,180.00","29.10K","-0.69%"
"30-10-2024","24,373.50","24,442.50","24,512.00","24,294.00","59.05K","-0.31%"
"29-10-2024","24,450.00","24,529.00","24,536.50","24,158.00","84.40K","0.48%"
"28-10-2024","24,332.00","24,145.00","24,495.50","24,145.00","103.04K","0.50%"
"25-10-2024","24,210.00","24,445.00","24,469.00","24,065.00","88.26K","-1.03%"
"24-10-2024","24,462.00","24,459.50","24,565.00","24,394.00","49.31K","-0.11%"
"23-10-2024","24,489.00","24,570.00","24,678.50","24,387.00","56.60K","-0.15%"
"22-10-2024","24,525.00","24,792.00","24,939.00","24,497.50","62.48K","-1.03%"
"21-10-2024","24,780.00","24,886.50","25,021.50","24,707.00","49.96K","-0.50%"
"18-10-2024","24,905.00","24,720.50","24,993.00","24,630.50","53.43K","0.18%"
"17-10-2024","24,860.00","25,063.50","25,068.50","24,747.50","46.91K","-0.57%"
"16-10-2024","25,002.00","25,061.00","25,172.00","24,960.00","43.14K","-0.44%"
"15-10-2024","25,112.00","25,274.50","25,274.50","25,051.00","41.88K","-0.44%"
"14-10-2024","25,223.00","25,131.50","25,273.00","25,065.50","41.35K","0.60%"
"11-10-2024","25,073.00","25,045.00","25,143.00","24,997.50","38.33K","-0.15%"
"10-10-2024","25,111.50","25,222.50","25,265.00","25,032.00","41.97K","0.12%"
"09-10-2024","25,080.50","25,180.00","25,350.00","25,040.50","65.25K","-0.16%"
"08-10-2024","25,121.50","24,900.50","25,225.00","24,848.50","65.43K","0.70%"
"07-10-2024","24,948.00","25,201.00","25,285.00","24,808.00","69.84K","-0.94%"
"04-10-2024","25,185.00","25,484.50","25,630.00","25,118.50","86.85K","-1.33%"
"03-10-2024","25,524.00","25,750.50","25,828.50","25,377.50","93.00K","-1.94%"
"01-10-2024","26,030.00","26,050.00","26,082.00","25,721.50","46.78K","0.09%"
"30-09-2024","26,006.50","26,336.50","26,336.50","25,856.00","62.35K","-1.32%"
"27-09-2024","26,354.00","26,360.00","26,440.50","26,285.50","48.60K","0.53%"
"26-09-2024","26,216.05","26,041.50","26,261.00","26,016.00","38.97K","0.87%"
"25-09-2024","25,990.00","25,937.50","26,074.00","25,880.00","75.02K","0.03%"
"24-09-2024","25,983.50","26,007.50","26,038.50","25,912.00","127.12K","0.19%"
"23-09-2024","25,935.50","25,868.00","26,056.50","25,856.50","91.82K","0.37%"
"20-09-2024","25,840.50","25,565.00","25,875.00","25,455.00","101.17K","1.39%"
"19-09-2024","25,487.00","25,363.00","25,657.00","25,363.00","61.23K","0.33%"
"18-09-2024","25,402.00","25,411.50","25,537.00","25,311.00","45.32K","-0.24%"
"17-09-2024","25,462.50","25,513.50","25,538.00","25,386.50","35.29K","0.00%"
"16-09-2024","25,462.50","25,422.00","25,523.50","25,382.00","","0.30%"
"13-09-2024","25,385.50","25,409.50","25,454.50","25,322.00","36.73K","0.15%"
"12-09-2024","25,348.00","25,072.50","25,445.00","25,004.50","58.36K","1.48%"
"11-09-2024","24,979.00","25,107.00","25,157.00","24,835.00","42.23K","-0.54%"
"10-09-2024","25,115.00","25,122.50","25,184.00","24,919.00","41.16K","0.54%"
"09-09-2024","24,980.00","24,757.50","25,110.00","24,757.50","45.98K","0.21%"
"06-09-2024","24,927.00","25,246.00","25,246.00","24,773.50","66.46K","-1.30%"
"05-09-2024","25,255.00","25,340.00","25,380.00","25,167.00","37.67K","-0.05%"
"04-09-2024","25,266.50","25,197.00","25,391.50","25,153.50","49.05K","-0.42%"
"03-09-2024","25,372.00","25,370.50","25,424.00","25,232.00","32.05K","0.02%"
"02-09-2024","25,367.50","25,449.50","25,449.50","25,319.00","31.61K","-0.10%"
"30-08-2024","25,392.00","25,271.50","25,450.00","25,250.00","56.31K","0.95%"
"29-08-2024","25,151.95","24,981.00","25,211.50","24,976.00","56.07K","0.37%"
"28-08-2024","25,059.00","25,037.50","25,144.00","24,799.00","54.30K","0.19%"
"27-08-2024","25,012.00","25,006.00","25,093.50","24,954.00","80.52K","-0.23%"
"26-08-2024","25,070.50","24,947.00","25,090.00","24,888.00","103.49K","0.92%"
"23-08-2024","24,842.50","24,786.50","24,974.50","24,786.50","58.18K","-0.01%"
"22-08-2024","24,846.00","24,871.50","24,895.00","24,784.00","35.90K","0.12%"
"21-08-2024","24,815.50","24,707.50","24,909.50","24,682.00","33.97K","0.40%"
"20-08-2024","24,717.50","24,655.00","24,774.00","24,630.00","36.27K","0.44%"
"19-08-2024","24,608.50","24,725.00","24,725.00","24,534.00","37.14K","0.08%"
"16-08-2024","24,590.00","24,327.00","24,675.00","24,234.00","59.06K","1.84%"
"14-08-2024","24,145.00","24,239.50","24,257.00","24,121.50","38.39K","-0.05%"
"13-08-2024","24,157.00","24,345.50","24,385.50","24,104.00","47.50K","-0.77%"
"12-08-2024","24,343.50","24,384.50","24,531.50","24,270.50","42.70K","-0.16%"
"09-08-2024","24,383.50","24,367.00","24,455.00","24,300.00","45.96K","1.17%"
"08-08-2024","24,100.50","24,168.50","24,379.00","24,100.00","69.67K","-1.17%"
"07-08-2024","24,385.00","24,131.00","24,420.50","24,131.00","69.61K","1.41%"
"06-08-2024","24,045.00","24,251.00","24,404.50","23,992.00","78.39K","-0.41%"
"05-08-2024","24,143.00","24,415.00","24,461.00","23,830.00","110.58K","-2.31%"
"02-08-2024","24,715.00","24,845.50","24,891.50","24,543.50","67.60K","-1.36%"
"01-08-2024","25,055.00","25,158.00","25,158.00","24,861.00","42.16K","0.02%"
"31-07-2024","25,049.00","24,910.50","25,140.00","24,885.50","42.01K","0.48%"
"30-07-2024","24,930.50","24,882.50","25,034.50","24,825.00","43.83K","-0.09%"
"29-07-2024","24,952.50","24,997.50","25,097.50","24,822.00","47.22K","0.06%"
"26-07-2024","24,938.50","24,470.50","24,969.50","24,463.50","57.25K","2.18%"
"25-07-2024","24,406.10","24,283.00","24,420.00","24,147.50","45.36K","-0.03%"
"24-07-2024","24,414.00","24,387.50","24,485.00","24,251.00","72.28K","-0.23%"
"23-07-2024","24,471.00","24,537.00","24,564.00","24,064.00","146.49K","-0.16%"
"22-07-2024","24,510.50","24,457.50","24,612.00","24,375.00","105.43K","-0.10%"
"19-07-2024","24,534.00","24,778.00","24,889.50","24,416.50","56.90K","-1.29%"
"18-07-2024","24,853.50","24,681.50","24,922.00","24,543.50","64.19K","0.60%"
"17-07-2024","24,705.50","24,704.00","24,770.00","24,646.50","12.81K","0.16%"
"16-07-2024","24,667.00","24,638.00","24,784.00","24,611.50","30.14K","0.06%"
"15-07-2024","24,652.00","24,600.00","24,680.50","24,570.50","33.41K","0.43%"
"12-07-2024","24,546.00","24,483.00","24,675.50","24,413.50","44.68K","0.41%"
"11-07-2024","24,445.00","24,416.00","24,524.50","24,259.50","37.07K","0.26%"
"10-07-2024","24,381.50","24,492.50","24,513.50","24,232.50","45.90K","-0.38%"
"09-07-2024","24,474.50","24,398.50","24,542.50","24,366.50","34.66K","0.31%"
"08-07-2024","24,399.00","24,418.50","24,450.00","24,308.50","36.45K","0.12%"
"05-07-2024","24,370.00","24,381.00","24,449.00","24,269.00","36.19K","0.02%"
"04-07-2024","24,365.50","24,473.00","24,498.00","24,354.00","32.57K","-0.33%"
"03-07-2024","24,446.00","24,372.50","24,475.00","24,315.50","39.59K","0.43%"
"02-07-2024","24,342.00","24,265.00","24,342.00","24,144.00","41.56K","0.39%"
"01-07-2024","24,247.50","24,206.50","24,272.50","24,139.50","45.93K","0.45%"
"28-06-2024","24,139.50","24,206.50","24,274.00","24,076.50","45.93K","0.40%"
"27-06-2024","24,044.50","23,799.00","24,057.50","23,785.00","44.42K","0.77%"
"26-06-2024","23,861.50","23,698.00","23,902.50","23,670.50","66.15K","0.59%"
"25-06-2024","23,720.50","23,571.50","23,750.00","23,564.00","102.29K","0.78%"
"24-06-2024","23,536.50","23,477.50","23,643.00","23,339.00","112.37K","0.30%"
"21-06-2024","23,467.00","23,602.00","23,642.00","23,426.50","66.81K","-0.53%"
"20-06-2024","23,593.00","23,520.00","23,647.00","23,451.50","40.72K","0.33%"
"19-06-2024","23,514.50","23,653.00","23,683.00","23,447.00","48.62K","-0.32%"
"18-06-2024","23,590.50","23,601.50","23,685.50","23,550.00","41.52K","0.17%"
"17-06-2024","23,551.00","23,548.50","23,620.00","23,525.00","13.64K","0.43%"
"14-06-2024","23,450.50","23,391.50","23,501.00","23,364.00","38.15K","0.15%"
"13-06-2024","23,415.00","23,439.00","23,477.50","23,343.50","33.32K","0.20%"
"12-06-2024","23,369.00","23,317.50","23,519.00","23,284.50","39.16K","0.09%"
"11-06-2024","23,349.00","23,284.00","23,458.50","23,221.50","45.58K","0.50%"
"10-06-2024","23,232.50","23,225.50","23,415.00","23,225.50","48.94K","-0.42%"
"07-06-2024","23,330.00","22,902.50","23,354.00","22,862.00","57.70K","1.80%"
"06-06-2024","22,918.00","22,724.50","22,983.00","22,663.00","73.99K","1.85%"
"05-06-2024","22,502.00","22,079.00","22,747.00","21,829.50","111.66K","2.53%"
"04-06-2024","21,947.00","23,559.00","23,587.50","21,244.50","167.89K","-6.48%"
"03-06-2024","23,467.00","23,159.00","23,548.50","23,159.00","112.85K","3.43%"
"31-05-2024","22,688.00","22,658.00","22,787.00","22,598.50","68.99K","0.89%"
"30-05-2024","22,488.65","22,670.00","22,697.00","22,414.00","40.07K","-1.02%"
"29-05-2024","22,720.00","22,879.00","22,879.00","22,692.00","68.05K","-0.86%"
"28-05-2024","22,917.00","23,030.00","23,049.00","22,840.00","89.90K","-0.50%"
"27-05-2024","23,032.00","23,000.50","23,185.50","22,935.00","82.80K","-0.03%"
"24-05-2024","23,039.50","22,959.50","23,120.00","22,931.50","80.27K","0.04%"
"23-05-2024","23,029.50","22,640.00","23,096.50","22,625.50","79.49K","1.48%"
"22-05-2024","22,694.00","22,616.50","22,698.50","22,563.50","42.48K","0.34%"
"21-05-2024","22,618.00","22,610.50","22,693.00","22,512.00","44.60K","-0.13%"
"20-05-2024","22,648.00","22,571.50","22,659.50","22,540.50","12.40K","0.63%"
"17-05-2024","22,505.50","22,469.50","22,577.00","22,412.00","43.49K","0.15%"
"16-05-2024","22,471.00","22,380.00","22,499.00","22,160.50","68.41K","0.95%"
"15-05-2024","22,259.50","22,424.50","22,424.50","22,205.50","43.77K","-0.25%"
"14-05-2024","22,314.50","22,241.00","22,380.00","22,151.00","44.85K","0.67%"
"13-05-2024","22,166.50","22,093.00","22,259.50","21,885.00","57.85K","0.17%"
"10-05-2024","22,129.00","22,153.50","22,227.00","22,047.00","48.72K","0.18%"
"09-05-2024","22,089.00","22,370.50","22,400.50","22,039.50","59.17K","-1.34%"
"08-05-2024","22,388.00","22,338.50","22,496.00","22,286.00","46.35K","-0.02%"
"07-05-2024","22,393.50","22,637.00","22,638.00","22,310.50","56.06K","-0.87%"
"06-05-2024","22,590.00","22,700.00","22,708.50","22,526.00","50.10K","0.04%"
"03-05-2024","22,581.00","22,885.00","22,905.00","22,471.50","63.34K","-0.89%"
"02-05-2024","22,783.50","22,684.50","22,899.50","22,684.50","46.17K","0.73%"
"01-05-2024","22,619.00","22,646.00","22,758.00","22,614.00","12.58K","-0.58%"
"30-04-2024","22,750.00","22,748.00","22,863.50","22,653.50","55.46K","-0.07%"
"29-04-2024","22,765.00","22,621.00","22,797.50","22,568.00","40.53K","0.90%"
"26-04-2024","22,562.50","22,692.50","22,700.00","22,524.50","38.63K","-0.03%"
"25-04-2024","22,570.35","22,369.50","22,642.00","22,315.00","50.31K","0.67%"
"24-04-2024","22,420.00","22,427.00","22,486.00","22,331.00","69.05K","0.19%"
"23-04-2024","22,376.50","22,438.50","22,446.00","22,329.50","81.69K","-0.04%"
"22-04-2024","22,384.50","22,227.00","22,459.50","22,181.00","101.16K","1.24%"
"19-04-2024","22,111.00","21,975.50","22,206.00","21,659.50","71.97K","0.20%"
"18-04-2024","22,067.50","22,113.00","22,331.00","21,929.00","74.63K","-0.39%"
"17-04-2024","22,153.50","22,196.50","22,245.00","22,090.00","15.27K","-0.15%"
"16-04-2024","22,187.50","22,216.00","22,252.00","22,080.00","62.51K","-0.74%"
"15-04-2024","22,352.50","22,476.00","22,513.00","22,214.50","55.88K","-1.04%"
"12-04-2024","22,587.00","22,714.50","22,770.00","22,417.00","59.59K","0.14%"
"11-04-2024","22,555.00","22,689.00","22,715.00","22,500.00","24.67K","-1.08%"
"10-04-2024","22,800.50","22,833.50","22,849.50","22,608.50","38.92K","0.18%"
"09-04-2024","22,759.00","22,844.00","22,863.50","22,715.00","42.58K","-0.08%"
"08-04-2024","22,776.50","22,661.50","22,859.00","22,610.00","39.56K","0.69%"
"05-04-2024","22,621.50","22,535.00","22,675.00","22,504.00","46.01K","-0.11%"
"04-04-2024","22,647.00","22,568.00","22,733.00","22,411.00","47.46K","0.50%"
"03-04-2024","22,534.00","22,481.50","22,628.50","22,411.00","41.94K","-0.22%"
"02-04-2024","22,583.00","22,470.00","22,613.00","22,464.50","40.72K","-0.11%"
"01-04-2024","22,608.00","22,477.50","22,656.00","22,477.50","25.16K","0.53%"
"29-03-2024","22,488.00","22,555.50","22,600.00","22,475.50","3.71K","0.72%"
"28-03-2024","22,326.90","22,216.00","22,523.50","22,163.50","41.31K","0.66%"
"27-03-2024","22,181.00","22,070.00","22,234.00","22,035.00","65.64K","0.41%"
"26-03-2024","22,090.00","22,108.50","22,149.50","22,044.00","99.83K","0.04%"
"25-03-2024","22,081.00","22,089.50","22,149.00","22,039.50","32.67K","-0.41%"
"22-03-2024","22,171.00","22,059.50","22,263.00","21,958.50","72.33K","0.26%"
"21-03-2024","22,113.50","22,072.00","22,159.00","22,025.50","48.34K","0.86%"
"20-03-2024","21,925.00","21,886.50","22,079.50","21,800.50","42.00K","0.29%"
"19-03-2024","21,862.00","22,078.00","22,085.00","21,840.00","49.94K","-1.24%"
"18-03-2024","22,136.50","22,048.00","22,226.50","22,027.00","37.31K","0.18%"
"15-03-2024","22,096.50","22,133.00","22,189.00","21,998.50","71.42K","-0.75%"
"14-03-2024","22,263.00","22,059.00","22,333.50","22,006.50","46.54K","0.76%"
"13-03-2024","22,095.50","22,446.50","22,525.00","22,005.00","63.47K","-1.53%"
"12-03-2024","22,439.00","22,408.50","22,544.50","22,386.50","37.63K","0.11%"
"11-03-2024","22,413.50","22,669.50","22,670.50","22,392.00","51.52K","-1.28%"
"08-03-2024","22,704.00","22,693.50","22,745.00","22,637.50","15.17K","0.69%"
"07-03-2024","22,549.00","22,630.50","22,673.00","22,531.00","33.71K","-0.19%"
"06-03-2024","22,591.00","22,433.00","22,669.50","22,323.50","46.89K","0.70%"
"05-03-2024","22,434.00","22,519.00","22,547.50","22,353.00","40.05K","-0.25%"
"04-03-2024","22,490.00","22,510.50","22,557.50","22,470.50","29.84K","0.18%"
"01-03-2024","22,450.50","22,167.50","22,564.00","22,167.50","52.77K","2.13%"
"29-02-2024","21,982.80","21,963.00","22,030.50","21,845.50","46.02K","0.45%"
"28-02-2024","21,884.50","22,212.50","22,247.50","21,871.00","55.81K","-1.39%"
"27-02-2024","22,193.00","22,164.50","22,230.00","22,093.50","80.84K","0.46%"
"26-02-2024","22,091.00","22,254.50","22,271.50","22,090.00","74.34K","-0.71%"
"23-02-2024","22,249.00","22,309.50","22,332.00","22,210.00","48.09K","-0.08%"
"22-02-2024","22,267.00","22,103.50","22,338.00","21,945.00","60.62K","0.99%"
"21-02-2024","22,048.00","22,276.50","22,282.00","22,030.00","44.14K","-0.84%"
"20-02-2024","22,234.50","22,135.50","22,316.00","22,079.50","42.08K","0.28%"
"19-02-2024","22,171.50","22,165.50","22,270.00","22,069.50","30.18K","0.27%"
"16-02-2024","22,112.50","22,062.00","22,195.50","22,053.00","34.46K","0.43%"
"15-02-2024","22,017.00","21,997.50","22,109.50","21,850.00","42.63K","0.47%"
"14-02-2024","21,913.00","21,652.00","22,003.50","21,605.50","48.67K","0.37%"
"13-02-2024","21,833.00","21,743.00","21,850.50","21,601.00","44.31K","0.65%"
"12-02-2024","21,692.50","21,893.50","21,969.50","21,671.00","34.81K","-0.72%"
"09-02-2024","21,850.00","21,761.00","21,940.00","21,670.00","41.58K","0.18%"
"08-02-2024","21,811.00","22,027.50","22,095.50","21,757.50","46.34K","-0.96%"
"07-02-2024","22,022.00","22,106.00","22,129.50","21,903.50","41.28K","0.08%"
"06-02-2024","22,004.50","21,842.50","22,145.00","21,795.50","41.35K","0.93%"
"05-02-2024","21,802.00","21,933.00","22,043.50","21,770.00","36.99K","-0.75%"
"02-02-2024","21,966.50","21,917.50","22,205.00","21,845.50","52.90K","1.05%"
"01-02-2024","21,739.00","21,830.50","21,930.00","21,726.00","49.30K","-0.27%"
"31-01-2024","21,797.50","21,681.50","21,898.00","21,572.00","46.02K","0.78%"
"30-01-2024","21,629.00","21,924.50","21,978.00","21,578.00","45.69K","-1.08%"
"29-01-2024","21,866.00","21,564.00","21,960.00","21,564.00","48.34K","2.40%"
"25-01-2024","21,352.60","21,464.00","21,496.50","21,245.00","36.61K","-0.53%"
"24-01-2024","21,465.50","21,312.50","21,530.50","21,149.50","91.86K","1.30%"
"23-01-2024","21,190.00","21,657.50","21,800.00","21,154.00","148.24K","-1.85%"
"20-01-2024","21,589.50","21,699.00","21,708.00","21,574.50","0.06K","-0.39%"
"19-01-2024","21,673.50","21,541.50","21,731.50","21,516.00","47.28K","0.94%"
"18-01-2024","21,471.50","21,486.50","21,560.00","21,299.50","52.65K","-0.49%"
"17-01-2024","21,578.00","21,824.50","21,872.50","21,389.50","70.27K","-2.03%"
"16-01-2024","22,026.00","22,126.00","22,144.50","21,821.00","40.51K","-0.53%"
"15-01-2024","22,143.50","22,027.00","22,188.50","22,009.00","31.70K","0.77%"
"12-01-2024","21,975.00","21,726.00","22,119.50","21,686.00","37.18K","1.30%"
"11-01-2024","21,694.00","21,714.00","21,766.50","21,605.00","33.14K","-0.03%"
"10-01-2024","21,700.00","21,590.00","21,741.00","21,505.00","29.41K","0.37%"
"09-01-2024","21,620.50","21,715.00","21,819.00","21,556.50","34.20K","0.20%"
"08-01-2024","21,576.50","21,792.50","21,815.50","21,563.00","41.80K","-0.93%"
"05-01-2024","21,778.00","21,745.50","21,849.00","21,685.00","33.01K","0.00%"
"04-01-2024","21,779.00","21,628.00","21,829.00","21,602.00","30.02K","0.92%"
"03-01-2024","21,580.00","21,692.50","21,718.00","21,549.50","39.49K","-0.79%"
"02-01-2024","21,752.00","21,865.00","21,886.00","21,681.00","33.55K","-0.56%"
"01-01-2024","21,874.00","21,776.50","22,032.00","21,776.50","4.86K","0.12%"
"29-12-2023","21,848.50","21,958.00","21,973.00","21,748.00","27.25K","0.32%"
"28-12-2023","21,778.70","21,775.00","21,787.50","21,689.50","25.12K","0.50%"
"27-12-2023","21,670.00","21,538.00","21,792.00","21,520.00","56.77K","0.78%"
"26-12-2023","21,502.00","21,393.50","21,540.00","21,370.00","59.54K","0.52%"
"25-12-2023","21,390.00","21,464.50","21,494.00","21,385.50","4.30K","-0.02%"
"22-12-2023","21,395.00","21,435.50","21,505.50","21,294.00","84.65K","0.37%"
"21-12-2023","21,317.00","21,059.50","21,427.50","21,059.50","57.26K","0.47%"
"20-12-2023","21,217.00","21,574.00","21,692.50","21,037.50","67.45K","-1.44%"
"19-12-2023","21,528.00","21,482.50","21,629.00","21,423.00","29.00K","0.20%"
"18-12-2023","21,484.00","21,479.50","21,546.00","21,412.00","29.54K","-0.31%"
"15-12-2023","21,550.00","21,410.00","21,597.50","21,358.50","39.20K","0.98%"
"14-12-2023","21,340.00","21,251.50","21,449.00","21,184.00","45.79K","1.50%"
"13-12-2023","21,025.00","21,061.50","21,260.00","20,905.00","44.11K","0.00%"
"12-12-2023","21,025.00","21,112.50","21,150.00","20,962.00","31.70K","-0.31%"
"11-12-2023","21,091.00","21,109.00","21,145.00","21,042.50","29.11K","-0.01%"
"08-12-2023","21,093.00","21,104.00","21,123.50","20,962.00","37.46K","0.08%"
"07-12-2023","21,076.50","21,052.50","21,103.50","20,974.50","45.23K","-0.10%"
"06-12-2023","21,097.00","20,984.50","21,120.00","20,956.50","44.87K","0.46%"
"05-12-2023","20,999.50","20,857.50","21,020.00","20,801.00","50.40K","0.81%"
"04-12-2023","20,831.00","20,552.00","20,919.00","20,552.00","55.00K","2.35%"
"01-12-2023","20,353.00","20,307.00","20,497.50","20,307.00","38.03K","1.09%"
"30-11-2023","20,133.15","20,160.50","20,169.00","20,010.50","35.34K","-0.04%"
"29-11-2023","20,141.50","20,000.50","20,163.50","20,000.50","62.63K","0.87%"
"28-11-2023","19,967.50","19,868.00","20,026.50","19,832.00","96.37K","0.48%"
"27-11-2023","19,873.00","19,893.00","19,920.50","19,813.00","36.59K","0.22%"
"24-11-2023","19,829.00","19,831.50","19,908.00","19,805.00","33.58K","-0.24%"
"23-11-2023","19,877.50","19,902.50","19,927.00","19,833.50","32.09K","-0.06%"
"22-11-2023","19,889.00","19,847.50","19,923.00","19,760.00","35.72K","0.20%"
"21-11-2023","19,849.50","19,829.50","19,904.50","19,797.50","37.26K","0.54%"
"20-11-2023","19,742.00","19,852.00","19,852.00","19,714.00","39.26K","-0.30%"
"17-11-2023","19,802.00","19,843.50","19,864.00","19,745.50","38.08K","-0.09%"
"16-11-2023","19,820.00","19,763.00","19,935.00","19,699.00","51.44K","0.52%"
"15-11-2023","19,717.50","19,724.50","19,791.00","19,688.00","58.52K","0.82%"
"14-11-2023","19,557.50","19,533.50","19,756.00","19,531.50","14.35K","0.29%"
"13-11-2023","19,500.50","19,523.50","19,575.00","19,469.00","24.59K","-0.20%"
"12-11-2023","19,540.50","19,544.00","19,544.50","19,537.50","0.01K","0.26%"
"10-11-2023","19,489.50","19,392.00","19,609.50","19,354.00","31.28K","0.05%"
"09-11-2023","19,479.50","19,517.00","19,533.00","19,412.50","35.02K","-0.01%"
"08-11-2023","19,481.00","19,457.00","19,536.50","19,457.00","28.96K","0.12%"
"07-11-2023","19,458.00","19,457.00","19,510.00","19,412.50","33.74K","-0.11%"
"06-11-2023","19,478.50","19,458.50","19,535.00","19,383.50","41.07K","0.99%"
"03-11-2023","19,288.50","19,369.00","19,457.00","19,255.00","35.29K","0.34%"
"02-11-2023","19,223.50","19,191.00","19,374.00","19,129.50","42.52K","0.90%"
"01-11-2023","19,051.50","19,161.50","19,199.00","19,034.00","36.95K","-0.58%"
"31-10-2023","19,163.00","19,222.50","19,245.50","19,063.50","46.97K","-0.32%"
"30-10-2023","19,225.00","19,044.00","19,248.00","19,006.50","42.06K","0.52%"
"27-10-2023","19,125.00","18,952.00","19,150.00","18,933.00","48.06K","1.42%"
"26-10-2023","18,857.25","19,009.00","19,058.00","18,840.50","42.36K","-1.38%"
"25-10-2023","19,122.00","19,333.50","19,341.50","19,060.00","87.48K","-0.83%"
"24-10-2023","19,282.00","19,264.50","19,341.00","19,255.00","30.79K","0.15%"
"23-10-2023","19,253.50","19,455.00","19,534.50","19,234.50","102.94K","-1.37%"
"20-10-2023","19,521.50","19,573.00","19,573.00","19,426.00","44.01K","-0.46%"
"19-10-2023","19,611.00","19,559.00","19,666.00","19,524.00","45.73K","-0.27%"
"18-10-2023","19,664.00","19,828.50","19,846.00","19,555.00","36.23K","-0.72%"
"17-10-2023","19,806.00","19,821.00","19,849.00","19,760.00","24.72K","0.36%"
"16-10-2023","19,735.00","19,678.00","19,839.50","19,678.00","30.15K","0.02%"
"13-10-2023","19,730.50","19,689.50","19,809.00","19,674.50","36.92K","-0.52%"
"12-10-2023","19,834.50","19,863.00","19,884.00","19,671.00","34.98K","-0.10%"
"11-10-2023","19,854.00","19,800.00","19,875.00","19,777.00","33.15K","0.59%"
"10-10-2023","19,737.00","19,624.00","19,816.00","19,587.50","32.23K","1.16%"
"09-10-2023","19,510.00","19,687.50","19,698.50","19,481.50","32.14K","-0.81%"
"06-10-2023","19,668.50","19,608.00","19,788.00","19,500.00","31.34K","0.58%"
"05-10-2023","19,555.50","19,480.00","19,624.00","19,472.00","43.75K","0.37%"
"04-10-2023","19,483.50","19,436.00","19,490.50","19,354.50","49.63K","-0.35%"
"03-10-2023","19,552.00","19,577.00","19,625.00","19,450.00","52.73K","-0.80%"
"29-09-2023","19,710.50","19,645.00","19,799.00","19,590.50","41.63K","0.96%"
"28-09-2023","19,523.55","19,720.00","19,747.00","19,503.00","51.38K","-0.96%"
"27-09-2023","19,713.00","19,601.00","19,745.00","19,536.00","57.22K","0.22%"
"26-09-2023","19,670.50","19,654.00","19,714.00","19,596.00","87.98K","-0.13%"
"25-09-2023","19,696.50","19,679.00","19,754.00","19,621.00","91.24K","-0.03%"
"22-09-2023","19,702.00","19,650.50","19,820.00","19,630.00","46.97K","-0.36%"
"21-09-2023","19,772.50","19,866.50","19,885.50","19,662.00","52.86K","-0.89%"
"20-09-2023","19,950.50","20,110.50","20,110.50","19,890.00","48.98K","-0.93%"
"19-09-2023","20,137.50","20,158.00","20,198.00","20,085.00","8.90K","-0.35%"
"18-09-2023","20,209.00","20,149.00","20,242.00","20,129.50","37.05K","-0.23%"
"15-09-2023","20,255.50","20,206.50","20,280.50","20,162.50","43.25K","0.31%"
"14-09-2023","20,192.00","20,128.00","20,233.00","20,112.00","47.34K","0.27%"
"13-09-2023","20,138.00","20,083.50","20,174.00","20,012.50","41.36K","0.54%"
"12-09-2023","20,030.00","20,120.50","20,153.50","19,981.00","56.48K","-0.08%"
"11-09-2023","20,046.00","19,929.00","20,129.50","19,912.50","45.26K","0.84%"
"08-09-2023","19,880.00","19,803.00","19,949.50","19,770.00","41.47K","0.58%"
"07-09-2023","19,765.00","19,622.50","19,787.50","19,585.50","41.47K","0.52%"
"06-09-2023","19,663.00","19,654.50","19,720.00","19,551.00","39.71K","0.01%"
"05-09-2023","19,661.50","19,588.50","19,690.00","19,573.50","27.69K","0.23%"
"04-09-2023","19,617.00","19,573.00","19,620.50","19,504.50","33.35K","0.52%"
"01-09-2023","19,515.00","19,391.50","19,568.50","19,379.00","36.82K","1.36%"
"31-08-2023","19,253.80","19,355.00","19,383.50","19,231.50","27.82K","-0.45%"
"30-08-2023","19,340.50","19,422.00","19,444.00","19,331.00","56.30K","-0.03%"
"29-08-2023","19,347.00","19,370.50","19,433.50","19,305.00","85.11K","0.21%"
"28-08-2023","19,306.50","19,289.00","19,376.50","19,244.50","90.10K","0.43%"
"25-08-2023","19,223.00","19,312.00","19,331.00","19,185.00","66.03K","-0.88%"
"24-08-2023","19,393.00","19,515.00","19,576.50","19,292.00","46.85K","-0.19%"
"23-08-2023","19,430.50","19,355.00","19,505.00","19,324.00","34.29K","0.24%"
"22-08-2023","19,384.50","19,393.50","19,430.00","19,301.00","35.54K","-0.07%"
"21-08-2023","19,399.00","19,347.50","19,435.00","19,301.00","36.19K","0.36%"
"18-08-2023","19,329.00","19,284.50","19,368.50","19,265.50","53.22K","-0.28%"
"17-08-2023","19,382.50","19,410.00","19,451.00","19,280.00","49.55K","-0.46%"
"16-08-2023","19,471.50","19,386.00","19,519.00","19,350.00","38.46K","-0.02%"
"14-08-2023","19,474.50","19,459.50","19,500.50","19,311.50","43.11K","-0.06%"
"11-08-2023","19,486.50","19,560.00","19,573.00","19,431.00","36.59K","-0.58%"
"10-08-2023","19,600.00","19,650.00","19,665.00","19,526.50","42.70K","-0.37%"
"09-08-2023","19,672.00","19,573.50","19,702.50","19,507.00","35.11K","0.41%"
"08-08-2023","19,591.00","19,673.00","19,683.50","19,527.00","28.70K","-0.35%"
"07-08-2023","19,659.50","19,668.00","19,689.50","19,555.00","37.45K","0.51%"
"04-08-2023","19,559.50","19,494.00","19,670.00","19,475.00","35.81K","0.52%"
"03-08-2023","19,458.00","19,472.00","19,586.50","19,379.00","53.46K","-0.70%"
"02-08-2023","19,595.50","19,762.00","19,783.50","19,483.50","45.79K","-1.17%"
"01-08-2023","19,827.00","19,886.50","19,901.00","19,767.00","32.42K","-0.08%"
"31-07-2023","19,842.00","19,781.00","19,919.00","19,710.50","37.46K","0.55%"
"28-07-2023","19,733.00","19,808.50","19,819.50","19,685.50","39.85K","0.37%"
"27-07-2023","19,659.90","19,836.00","19,874.50","19,599.50","30.49K","-0.55%"
"26-07-2023","19,769.50","19,709.50","19,851.00","19,685.00","56.72K","0.42%"
"25-07-2023","19,687.00","19,700.00","19,750.50","19,632.50","93.77K","-0.03%"
"24-07-2023","19,693.50","19,721.50","19,812.00","19,674.50","79.41K","-0.68%"
"21-07-2023","19,828.00","19,857.00","19,905.00","19,736.50","47.84K","-0.66%"
"20-07-2023","19,960.00","19,856.00","20,000.00","19,806.50","49.22K","0.48%"
"19-07-2023","19,865.50","19,829.00","19,900.00","19,759.00","32.95K","0.46%"
"18-07-2023","19,774.00","19,765.50","19,838.50","19,725.00","32.04K","0.18%"
"17-07-2023","19,738.00","19,594.00","19,795.00","19,594.00","24.31K","0.70%"
"14-07-2023","19,600.00","19,518.50","19,676.00","19,490.00","34.87K","0.55%"
"13-07-2023","19,493.50","19,599.50","19,625.50","19,464.00","36.43K","0.14%"
"12-07-2023","19,466.50","19,535.00","19,583.50","19,413.00","31.73K","-0.22%"
"11-07-2023","19,510.00","19,497.00","19,572.00","19,465.00","33.27K","0.43%"
"10-07-2023","19,426.00","19,443.00","19,490.50","19,387.00","28.30K","0.21%"
"07-07-2023","19,385.50","19,473.00","19,584.00","19,385.00","38.21K","-0.84%"
"06-07-2023","19,549.50","19,510.00","19,576.00","19,390.50","36.51K","0.19%"
"05-07-2023","19,512.00","19,528.00","19,541.00","19,451.00","28.25K","0.08%"
"04-07-2023","19,497.00","19,440.00","19,540.00","19,420.00","30.84K","0.26%"
"03-07-2023","19,446.50","19,278.50","19,478.50","19,278.50","30.85K","0.87%"
"30-06-2023","19,279.00","17,300.00","19,440.50","17,300.00","5.53K","1.62%"
"28-06-2023","18,972.10","18,866.50","19,002.50","18,853.00","3.95K","0.86%"
"27-06-2023","18,810.00","18,727.00","18,866.50","18,722.50","4.61K","0.49%"
"26-06-2023","18,718.00","18,699.00","18,746.50","18,666.00","6.15K","0.03%"
"23-06-2023","18,712.00","18,847.50","18,847.50","18,667.50","5.43K","-0.75%"
"22-06-2023","18,854.00","18,866.50","18,924.00","18,813.50","5.35K","-0.26%"
"21-06-2023","18,904.00","18,872.50","18,914.50","18,836.00","5.76K","0.07%"
"20-06-2023","18,890.50","18,813.50","18,930.50","18,719.50","5.31K","0.58%"
"19-06-2023","18,781.50","18,899.00","18,932.00","18,800.00","5.50K","-0.42%"
"16-06-2023","18,860.00","18,803.50","18,954.00","18,801.50","5.58K","0.72%"
"15-06-2023","18,724.50","18,812.50","18,886.50","18,748.50","6.62K","-0.58%"
"14-06-2023","18,833.50","18,835.00","18,855.00","18,763.00","7.21K","0.26%"
"13-06-2023","18,785.00","18,755.50","18,825.50","18,742.50","5.50K","0.51%"
"12-06-2023","18,690.50","18,659.50","18,704.50","18,638.00","4.24K","0.21%"
"09-06-2023","18,651.00","18,753.00","18,753.00","18,624.00","4.47K","-0.39%"
"08-06-2023","18,724.00","18,825.00","18,857.00","18,700.50","4.50K","-0.49%"
"07-06-2023","18,817.00","18,711.00","18,838.50","18,693.00","4.51K","0.71%"
"06-06-2023","18,685.00","18,690.00","18,706.50","18,615.00","4.33K","-0.09%"
"05-06-2023","18,701.00","18,726.50","18,733.50","18,700.50","4.48K","0.52%"
"02-06-2023","18,604.00","18,648.00","18,670.50","18,557.00","4.37K","0.13%"
"01-06-2023","18,579.00","18,611.00","18,656.00","18,521.00","4.34K","-0.29%"
"31-05-2023","18,633.00","18,669.50","18,669.50","18,550.50","4.82K","-0.53%"
"30-05-2023","18,733.00","18,684.50","18,759.00","18,678.00","4.34K","0.21%"
"29-05-2023","18,694.00","18,708.00","18,738.50","18,670.00","4.01K","0.47%"
"26-05-2023","18,606.50","18,442.50","18,688.00","18,427.00","4.36K","1.56%"
"25-05-2023","18,321.15","18,243.50","18,322.50","18,206.50","4.04K","0.15%"
"24-05-2023","18,293.00","18,286.50","18,397.00","18,254.50","6.08K","-0.41%"
"23-05-2023","18,369.00","18,358.50","18,433.00","18,310.00","5.66K","0.21%"
"22-05-2023","18,330.00","18,228.50","18,362.50","18,208.50","4.69K","0.54%"
"19-05-2023","18,231.50","18,197.00","18,237.50","18,088.00","3.48K","0.27%"
"18-05-2023","18,182.00","18,283.00","18,324.00","18,151.00","4.53K","-0.19%"
"17-05-2023","18,216.00","18,296.50","18,323.00","18,162.00","4.28K","-0.51%"
"16-05-2023","18,309.50","18,447.00","18,455.00","18,304.00","4.36K","-0.62%"
"15-05-2023","18,424.50","18,285.00","18,470.00","18,280.50","4.27K","0.48%"
"12-05-2023","18,336.00","18,290.00","18,366.50","18,222.50","4.32K","-0.07%"
"11-05-2023","18,348.50","18,390.50","18,403.00","18,258.00","4.39K","-0.05%"
"10-05-2023","18,358.50","18,345.50","18,408.50","18,265.00","3.88K","0.19%"
"09-05-2023","18,323.00","18,340.00","18,394.00","18,300.50","4.73K","0.00%"
"08-05-2023","18,323.00","18,170.00","18,349.00","18,170.00","3.36K","1.14%"
"05-05-2023","18,117.00","18,245.50","18,267.50","18,118.00","4.93K","-0.88%"
"04-05-2023","18,278.50","18,095.50","18,315.50","18,095.50","5.01K","0.74%"
"03-05-2023","18,143.50","18,142.00","18,175.50","18,116.00","5.20K","-0.46%"
"02-05-2023","18,226.50","18,244.50","18,253.50","18,116.00","4.84K","0.57%"
"01-05-2023","18,122.50","18,251.00","18,271.00","18,251.00","4.52K","-0.01%"
"28-04-2023","18,125.00","18,076.00","18,210.00","17,968.00","4.82K","1.17%"
"27-04-2023","17,915.05","17,813.50","17,917.00","17,809.00","5.38K","0.48%"
"26-04-2023","17,829.50","17,761.00","17,834.50","17,724.00","5.72K","0.26%"
"25-04-2023","17,782.50","17,740.00","17,823.00","17,734.00","6.09K","0.08%"
"24-04-2023","17,767.50","17,688.50","17,781.00","17,640.00","5.81K","0.60%"
"21-04-2023","17,661.00","17,679.00","17,687.00","17,588.50","5.35K","-0.01%"
"20-04-2023","17,662.50","17,670.50","17,726.50","17,620.00","5.71K","0.06%"
"19-04-2023","17,651.50","17,689.00","17,702.00","17,628.00","5.06K","-0.28%"
"18-04-2023","17,701.00","17,767.00","17,775.50","17,673.50","4.77K","-0.34%"
"17-04-2023","17,762.00","17,794.50","17,794.50","17,667.50","4.96K","-0.55%"
"14-04-2023","17,861.00","17,920.50","17,922.00","17,806.00","4.48K","-0.07%"
"13-04-2023","17,873.00","17,860.00","17,882.50","17,779.00","4.91K","0.04%"
"12-04-2023","17,865.00","17,799.00","17,907.50","17,791.50","4.71K","0.24%"
"11-04-2023","17,822.00","17,743.50","17,884.50","17,736.00","4.99K","0.79%"
"10-04-2023","17,683.00","17,694.50","17,735.50","17,652.50","4.78K","0.21%"
"07-04-2023","17,646.00","17,708.00","17,708.00","17,708.00","4.63K","-0.01%"
"06-04-2023","17,648.50","17,585.00","17,705.50","17,549.50","4.51K","0.23%"
"05-04-2023","17,608.50","17,504.00","17,648.50","17,504.00","4.67K","0.90%"
"04-04-2023","17,451.00","17,535.00","17,562.50","17,512.00","4.15K","-0.01%"
"03-04-2023","17,453.50","17,434.50","17,465.00","17,370.00","4.19K","0.25%"
"31-03-2023","17,410.00","17,331.50","17,448.50","17,318.00","4.88K","0.98%"
"30-03-2023","17,241.50","17,156.50","17,265.50","17,155.50","4.78K","0.94%"
"29-03-2023","17,080.70","17,009.50","17,090.00","16,949.00","4.88K","0.61%"
"28-03-2023","16,977.50","17,050.50","17,083.50","16,933.00","5.33K","-0.08%"
"27-03-2023","16,990.50","16,998.00","17,118.50","16,941.50","5.68K","0.20%"
"24-03-2023","16,956.00","17,092.50","17,111.50","16,925.00","5.62K","-0.71%"
"23-03-2023","17,078.00","17,106.00","17,232.00","17,062.50","5.50K","-0.54%"
"22-03-2023","17,171.50","17,202.00","17,217.50","17,137.00","5.45K","0.17%"
"21-03-2023","17,142.00","17,076.50","17,163.00","17,044.00","5.57K","0.71%"
"20-03-2023","17,021.50","17,030.50","17,030.50","16,842.00","6.28K","-0.88%"
"17-03-2023","17,172.00","17,167.00","17,186.00","17,014.50","5.03K","0.83%"
"16-03-2023","17,031.00","16,978.50","17,099.00","16,900.50","5.82K","0.15%"
"15-03-2023","17,005.50","17,236.50","17,236.50","16,970.00","5.51K","-0.57%"
"14-03-2023","17,103.00","17,162.00","17,253.00","17,046.00","4.71K","-0.50%"
"13-03-2023","17,188.50","17,486.50","17,550.00","17,155.50","5.01K","-1.52%"
"10-03-2023","17,454.50","17,430.00","17,458.00","17,333.00","5.12K","-1.02%"
"09-03-2023","17,633.50","17,786.00","17,786.00","17,620.00","4.67K","-0.86%"
"08-03-2023","17,786.50","17,672.50","17,790.00","17,649.00","5.20K","-0.33%"
"07-03-2023","17,845.00","17,804.00","17,860.00","17,804.00","4.82K","0.43%"
"06-03-2023","17,768.00","17,723.00","17,856.00","17,723.00","4.58K","0.66%"
"03-03-2023","17,651.50","17,456.50","17,690.50","17,456.50","4.95K","1.59%"
"02-03-2023","17,375.50","17,400.00","17,481.50","17,359.00","4.72K","-0.79%"
"01-03-2023","17,513.50","17,453.00","17,524.00","17,434.00","5.35K","0.68%"
"28-02-2023","17,395.00","17,464.50","17,500.50","17,327.00","3.36K","-0.58%"
"27-02-2023","17,497.00","17,471.50","17,534.50","17,381.00","5.09K","-0.28%"
"24-02-2023","17,546.00","17,661.50","17,679.00","17,495.00","4.13K","0.20%"
"23-02-2023","17,511.25","17,540.00","17,624.50","17,466.00","5.05K","-0.26%"
"22-02-2023","17,556.50","17,760.00","17,766.50","17,534.50","5.11K","-1.54%"
"21-02-2023","17,831.00","17,880.00","17,929.50","17,816.50","5.46K","-0.18%"
"20-02-2023","17,863.00","17,961.50","18,010.00","17,834.50","5.23K","-0.53%"
"17-02-2023","17,958.00","17,970.50","18,046.00","17,889.00","4.45K","-0.52%"
"16-02-2023","18,052.00","18,103.00","18,153.00","17,950.00","5.57K","0.10%"
"15-02-2023","18,034.00","17,880.00","18,041.50","17,861.00","4.99K","0.47%"
"14-02-2023","17,950.00","17,819.50","17,981.00","17,819.50","4.84K","0.88%"
"13-02-2023","17,793.50","17,883.00","17,883.00","17,738.50","4.79K","-0.39%"
"10-02-2023","17,864.00","17,835.50","17,887.50","17,806.50","3.64K","-0.34%"
"09-02-2023","17,925.00","17,888.00","17,963.50","17,812.50","0.68K","0.18%"
"08-02-2023","17,892.50","17,798.50","17,925.50","17,772.50","4.97K","0.68%"
"07-02-2023","17,772.50","17,853.50","17,853.50","17,692.00","4.83K","-0.17%"
"06-02-2023","17,802.50","17,832.50","17,840.50","17,734.50","4.84K","-0.53%"
"03-02-2023","17,896.50","17,709.00","17,915.50","17,628.50","5.33K","1.30%"
"02-02-2023","17,667.50","17,596.00","17,726.50","17,513.00","6.14K","-0.08%"
"01-02-2023","17,682.00","17,827.50","18,056.50","17,485.00","6.54K","-0.68%"
"31-01-2023","17,803.50","17,771.00","17,816.00","17,622.50","5.66K","0.46%"
"30-01-2023","17,722.00","17,721.00","17,816.00","17,513.00","6.08K","0.29%"
"27-01-2023","17,671.00","18,009.50","18,015.50","17,581.50","5.12K","-1.23%"
"25-01-2023","17,891.95","18,089.50","18,102.50","17,846.00","6.69K","-1.30%"
"24-01-2023","18,127.00","18,239.00","18,242.00","18,104.00","5.32K","-0.13%"
"23-01-2023","18,150.00","18,140.50","18,242.00","18,101.00","5.79K","0.52%"
"20-01-2023","18,055.50","18,135.50","18,171.50","18,038.50","5.15K","-0.36%"
"19-01-2023","18,121.00","18,120.50","18,175.50","18,084.00","4.94K","-0.33%"
"18-01-2023","18,180.50","18,120.00","18,299.50","18,073.00","4.66K","0.61%"
"17-01-2023","18,070.50","17,947.50","18,158.00","17,947.50","3.18K","0.87%"
"16-01-2023","17,914.00","18,066.50","18,084.00","17,884.00","5.06K","-0.38%"
"13-01-2023","17,982.00","17,962.50","18,085.50","17,831.00","4.71K","0.54%"
"12-01-2023","17,886.00","17,990.50","18,013.50","17,820.50","5.14K","-0.22%"
"11-01-2023","17,925.50","18,014.50","18,050.50","17,883.00","5.27K","-0.11%"
"10-01-2023","17,946.00","18,149.00","18,157.00","17,889.00","5.05K","-1.04%"
"09-01-2023","18,135.50","18,086.50","18,223.00","18,008.50","4.94K","1.32%"
"06-01-2023","17,899.50","18,060.00","18,125.00","17,867.00","5.20K","-0.75%"
"05-01-2023","18,035.00","18,136.00","18,186.00","17,959.50","5.46K","-0.29%"
"04-01-2023","18,088.00","18,252.50","18,289.50","18,075.00","4.09K","-1.05%"
"03-01-2023","18,280.00","18,190.50","18,321.50","18,190.50","4.05K","0.18%"
"02-01-2023","18,247.00","18,186.00","18,284.50","18,163.50","3.35K","0.47%"
"30-12-2022","18,161.00","18,340.00","18,361.50","18,111.50","3.23K","-0.16%"
"29-12-2022","18,191.00","18,049.50","18,170.00","17,990.00","4.52K","0.36%"
"28-12-2022","18,125.00","18,066.50","18,159.00","18,056.00","3.54K","-0.07%"
"27-12-2022","18,137.00","18,056.50","18,141.50","17,972.00","3.69K","0.64%"
"26-12-2022","18,021.00","17,893.50","18,022.50","17,893.00","3.80K","0.90%"
"23-12-2022","17,859.50","18,100.00","18,115.50","17,841.00","5.84K","-1.56%"
"22-12-2022","18,142.50","18,348.00","18,348.00","18,055.00","3.72K","-0.41%"
"21-12-2022","18,216.50","18,492.00","18,501.50","18,221.00","3.82K","-1.02%"
"20-12-2022","18,405.00","18,461.50","18,483.00","18,218.00","3.88K","-0.20%"
"19-12-2022","18,442.50","18,369.50","18,514.00","18,316.00","3.47K","0.81%"
"16-12-2022","18,294.00","18,395.00","18,479.50","18,315.00","3.85K","-0.80%"
"15-12-2022","18,442.00","18,685.00","18,716.00","18,370.00","3.88K","-1.32%"
"14-12-2022","18,689.50","18,806.00","18,815.50","18,721.50","3.62K","-0.10%"
"13-12-2022","18,709.00","18,625.50","18,878.00","18,574.00","2.56K","0.97%"
"12-12-2022","18,530.00","18,521.00","18,621.50","18,447.00","3.98K","-0.03%"
"09-12-2022","18,535.50","18,807.50","18,808.50","18,514.50","3.95K","-0.62%"
"08-12-2022","18,650.50","18,650.50","18,813.50","18,632.50","3.50K","0.25%"
"07-12-2022","18,603.50","18,719.50","18,765.50","18,657.50","3.94K","-0.45%"
"06-12-2022","18,688.00","18,739.00","18,792.00","18,685.50","2.58K","-0.32%"
"05-12-2022","18,748.50","18,864.50","18,871.50","18,707.50","5.44K","0.00%"
"02-12-2022","18,749.00","18,918.00","18,936.50","18,737.50","4.64K","-0.63%"
"01-12-2022","18,868.00","18,995.50","19,013.50","18,935.50","2.07K","0.28%"
"30-11-2022","18,815.50","18,769.50","18,917.00","18,737.00","5.43K","0.74%"
"29-11-2022","18,676.50","18,700.50","18,825.00","18,690.00","5.06K","0.29%"
"28-11-2022","18,623.00","18,586.50","18,763.00","18,586.50","5.59K","-0.20%"
"25-11-2022","18,661.00","18,625.00","18,678.50","18,599.00","5.49K","0.96%"
"24-11-2022","18,484.10","18,335.00","18,402.50","18,302.00","5.27K","1.17%"
"23-11-2022","18,269.50","18,354.00","18,355.00","18,242.50","5.33K","0.12%"
"22-11-2022","18,248.00","18,233.00","18,303.50","18,179.00","5.95K","0.28%"
"21-11-2022","18,197.00","18,260.00","18,272.50","18,161.50","5.43K","-0.67%"
"18-11-2022","18,319.50","18,427.50","18,436.50","18,261.50","5.07K","-0.22%"
"17-11-2022","18,359.00","18,408.50","18,476.50","18,268.50","5.93K","-0.36%"
"16-11-2022","18,425.00","18,453.00","18,498.50","18,404.00","5.20K","0.02%"
"15-11-2022","18,421.00","18,429.50","18,572.50","18,346.00","5.48K","0.01%"
"14-11-2022","18,420.00","18,439.00","18,459.50","18,386.00","5.44K","0.25%"
"11-11-2022","18,374.50","18,380.50","18,481.00","18,350.00","6.02K","1.77%"
"10-11-2022","18,054.50","18,145.00","18,438.00","18,021.00","5.66K","-0.72%"
"09-11-2022","18,185.50","18,402.50","18,402.50","18,181.00","5.39K","-0.26%"
"08-11-2022","18,233.50","18,334.00","18,389.00","18,284.00","4.71K","-0.09%"
"07-11-2022","18,250.00","18,315.50","18,344.00","18,159.00","3.90K","0.18%"
"04-11-2022","18,217.00","18,128.50","18,303.50","18,069.50","5.63K","0.73%"
"03-11-2022","18,084.50","18,014.00","18,159.00","18,005.50","5.63K","-0.18%"
"02-11-2022","18,116.50","18,230.00","18,230.00","18,108.50","5.29K","-0.42%"
"01-11-2022","18,192.00","18,172.50","18,301.50","18,118.50","5.47K","0.80%"
"31-10-2022","18,048.50","18,014.50","18,102.00","17,981.00","4.93K","1.24%"
"28-10-2022","17,827.00","17,862.50","17,945.00","17,776.50","5.65K","0.51%"
"27-10-2022","17,736.95","17,892.00","17,892.00","17,662.00","5.79K","0.45%"
"26-10-2022","17,658.00","17,799.00","17,923.00","17,797.00","5.39K","-0.01%"
"25-10-2022","17,659.50","17,802.50","17,831.50","17,646.00","5.94K","-0.42%"
"24-10-2022","17,734.50","17,766.00","17,767.00","17,725.50","0.25K","0.85%"
"21-10-2022","17,585.50","17,491.50","17,765.50","17,489.00","6.49K","0.06%"
"20-10-2022","17,574.50","17,363.00","17,625.00","17,363.00","5.87K","0.29%"
"19-10-2022","17,524.00","17,514.00","17,593.50","17,436.00","3.86K","0.13%"
"18-10-2022","17,500.50","17,468.50","17,530.00","17,440.00","3.92K","1.00%"
"17-10-2022","17,326.50","17,137.00","17,428.00","17,095.00","4.07K","0.71%"
"14-10-2022","17,204.50","17,300.00","17,347.50","17,080.00","5.87K","1.00%"
"13-10-2022","17,034.50","17,052.00","17,133.00","16,801.50","5.66K","-0.65%"
"12-10-2022","17,145.50","16,984.00","17,102.50","16,944.00","4.47K","0.82%"
"11-10-2022","17,006.50","17,216.00","17,216.00","16,981.50","3.66K","-1.50%"
"10-10-2022","17,265.50","17,042.00","17,261.50","17,025.00","4.10K","-0.45%"
"07-10-2022","17,343.50","17,243.50","17,343.50","17,111.00","4.27K","-0.11%"
"06-10-2022","17,362.50","17,431.00","17,434.50","17,275.00","4.09K","0.16%"
"05-10-2022","17,334.00","17,347.50","17,489.00","17,301.00","3.67K","0.16%"
"04-10-2022","17,307.00","17,123.00","17,410.50","17,123.00","4.51K","2.28%"
"03-10-2022","16,920.50","16,963.50","17,070.00","16,847.50","4.58K","-1.24%"
"30-09-2022","17,132.50","16,774.00","17,188.00","16,762.50","5.86K","1.87%"
"29-09-2022","16,818.10","17,043.00","17,052.00","16,789.50","4.92K","-0.25%"
"28-09-2022","16,860.00","16,863.50","17,077.00","16,824.50","6.02K","-0.95%"
"27-09-2022","17,021.50","17,066.50","17,142.00","16,891.00","5.84K","0.01%"
"26-09-2022","17,020.50","17,187.00","17,192.50","16,960.50","5.56K","-1.81%"
"23-09-2022","17,334.00","17,503.00","17,507.50","17,308.00","6.30K","-1.72%"
"22-09-2022","17,637.50","17,567.00","17,739.00","17,532.00","6.35K","-0.51%"
"21-09-2022","17,727.50","17,714.00","17,832.00","17,653.50","4.59K","-0.56%"
"20-09-2022","17,826.50","17,770.00","17,939.00","17,721.00","7.77K","1.09%"
"19-09-2022","17,633.50","17,560.00","17,724.00","17,452.50","6.94K","-0.49%"
"16-09-2022","17,721.00","17,782.50","17,789.50","17,533.50","4.25K","-0.96%"
"15-09-2022","17,893.00","18,048.00","18,073.00","17,816.50","2.51K","-0.64%"
"14-09-2022","18,008.50","17,763.00","18,098.50","17,763.00","12.18K","-0.51%"
"13-09-2022","18,100.50","18,044.50","18,135.50","17,819.50","9.28K","0.61%"
"12-09-2022","17,990.00","17,832.00","18,010.00","17,831.50","10.34K","0.75%"
"09-09-2022","17,856.00","17,931.50","17,940.50","17,795.50","10.43K","0.19%"
"08-09-2022","17,822.50","17,760.50","17,868.50","17,692.50","12.19K","0.98%"
"07-09-2022","17,649.00","17,484.50","17,664.50","17,484.50","10.68K","-0.18%"
"06-09-2022","17,681.50","17,755.50","17,755.50","17,534.50","9.95K","-0.06%"
"05-09-2022","17,692.50","17,498.00","17,702.50","17,498.00","9.22K","0.70%"
"02-09-2022","17,569.50","17,575.50","17,685.00","17,473.00","6.68K","-0.03%"
"01-09-2022","17,574.00","17,467.50","17,708.00","17,467.50","13.63K","-1.41%"
"30-08-2022","17,825.50","17,422.00","17,849.50","17,408.50","7.05K","2.76%"
"29-08-2022","17,346.50","17,264.00","17,430.50","17,242.50","8.85K","-1.74%"
"26-08-2022","17,654.00","17,687.50","17,753.00","17,501.00","6.88K","0.75%"
"25-08-2022","17,522.45","17,695.00","17,729.00","17,508.00","7.60K","-0.47%"
"24-08-2022","17,606.00","17,581.00","17,687.00","17,487.00","6.63K","0.15%"
"23-08-2022","17,580.00","17,408.50","17,656.50","17,388.00","6.79K","0.49%"
"22-08-2022","17,494.00","17,699.00","17,703.50","17,438.50","9.60K","-1.53%"
"19-08-2022","17,765.50","17,986.00","17,999.00","17,667.50","8.94K","-1.11%"
"18-08-2022","17,964.50","17,939.50","18,025.50","17,864.00","5.50K","-0.12%"
"17-08-2022","17,986.00","17,911.50","17,997.00","17,890.00","6.30K","0.84%"
"16-08-2022","17,836.50","17,854.50","17,897.00","17,802.50","6.24K","0.63%"
"12-08-2022","17,725.00","17,682.00","17,753.50","17,630.00","10.35K","0.24%"
"11-08-2022","17,682.00","17,745.50","17,777.00","17,662.50","9.86K","0.74%"
"10-08-2022","17,551.50","17,525.00","17,733.00","17,460.50","7.82K","0.07%"
"09-08-2022","17,539.50","17,558.50","17,567.00","17,505.50","7.17K","-0.03%"
"08-08-2022","17,544.00","17,394.50","17,629.50","17,394.50","11.00K","0.71%"
"05-08-2022","17,419.50","17,446.00","17,514.00","17,328.50","13.80K","0.20%"
"04-08-2022","17,384.00","17,485.00","17,498.50","17,180.00","5.11K","-0.16%"
"03-08-2022","17,412.50","17,379.00","17,501.50","17,251.00","11.85K","0.51%"
"02-08-2022","17,325.00","17,321.50","17,421.50","17,243.50","10.81K","-0.38%"
"01-08-2022","17,391.50","17,280.00","17,437.50","17,243.50","10.90K","0.95%"
"29-07-2022","17,228.00","17,120.00","17,244.50","17,065.50","10.22K","1.76%"
"28-07-2022","16,929.60","16,761.50","16,924.50","16,757.50","4.65K","1.73%"
"27-07-2022","16,642.50","16,467.00","16,692.00","16,441.00","6.08K","0.84%"
"26-07-2022","16,504.50","16,605.50","16,625.50","16,434.50","6.77K","-0.82%"
"25-07-2022","16,640.50","16,693.00","16,698.00","16,565.00","7.51K","-0.50%"
"22-07-2022","16,724.00","16,671.50","16,778.00","16,615.50","13.29K","0.68%"
"21-07-2022","16,610.50","16,510.00","16,672.00","16,509.50","9.18K","0.60%"
"20-07-2022","16,512.00","16,543.00","16,572.00","16,410.50","8.57K","0.98%"
"19-07-2022","16,352.50","16,180.50","16,377.50","16,180.50","9.07K","0.41%"
"18-07-2022","16,285.50","16,190.00","16,295.00","16,176.50","8.23K","1.42%"
"15-07-2022","16,058.00","15,979.00","16,145.50","15,925.00","10.35K","0.69%"
"14-07-2022","15,948.50","15,957.50","16,057.00","15,811.00","11.24K","-0.18%"
"13-07-2022","15,977.00","16,144.00","16,144.00","15,833.50","10.84K","-0.58%"
"12-07-2022","16,069.50","16,076.00","16,131.50","16,022.50","13.93K","-0.98%"
"11-07-2022","16,228.00","16,124.00","16,246.00","16,103.00","5.47K","-0.04%"
"08-07-2022","16,234.50","16,260.50","16,265.00","16,157.50","12.99K","0.54%"
"07-07-2022","16,147.50","16,116.50","16,278.50","16,040.00","11.26K","0.89%"
"06-07-2022","16,004.50","15,862.50","16,020.00","15,781.00","11.01K","1.13%"
"05-07-2022","15,826.00","15,890.00","16,000.00","15,745.50","13.70K","-0.16%"
"04-07-2022","15,851.00","15,689.50","15,834.50","15,656.50","13.68K","0.51%"
"01-07-2022","15,770.00","15,652.50","15,712.50","15,570.00","13.44K","-0.06%"
"30-06-2022","15,780.25","15,841.00","15,871.00","15,711.00","13.49K","-0.13%"
"29-06-2022","15,800.00","15,682.00","15,847.00","15,678.50","14.74K","-0.32%"
"28-06-2022","15,851.50","15,773.00","15,844.00","15,711.50","10.72K","0.11%"
"27-06-2022","15,834.00","15,884.00","15,930.00","15,818.50","13.50K","0.83%"
"24-06-2022","15,703.00","15,673.50","15,719.00","15,607.50","14.09K","0.91%"
"23-06-2022","15,561.00","15,422.50","15,612.50","15,360.00","13.53K","0.92%"
"22-06-2022","15,418.50","15,574.50","15,574.50","15,357.50","14.74K","-1.44%"
"21-06-2022","15,644.50","15,408.00","15,731.50","15,408.00","12.32K","1.88%"
"20-06-2022","15,356.50","15,277.00","15,385.00","15,200.00","12.74K","0.39%"
"17-06-2022","15,297.50","15,399.00","15,399.00","15,227.50","12.89K","-0.44%"
"16-06-2022","15,365.00","15,720.00","15,720.00","15,278.50","11.78K","-2.12%"
"15-06-2022","15,697.00","15,688.50","15,777.50","15,674.50","12.14K","-0.26%"
"14-06-2022","15,737.50","15,687.00","15,855.00","15,671.50","13.66K","-0.27%"
"13-06-2022","15,780.00","15,890.00","15,890.00","15,640.00","13.81K","-2.64%"
"10-06-2022","16,208.50","16,248.00","16,282.50","16,022.50","10.57K","-1.68%"
"09-06-2022","16,485.50","16,273.50","16,473.50","16,257.00","9.72K","0.74%"
"08-06-2022","16,364.00","16,487.50","16,513.50","16,319.50","9.07K","-0.37%"
"07-06-2022","16,424.50","16,465.00","16,486.50","16,346.50","9.13K","-0.93%"
"06-06-2022","16,578.50","16,526.50","16,609.50","16,472.50","8.27K","-0.10%"
"03-06-2022","16,594.50","16,778.50","16,785.50","16,482.50","5.33K","-0.26%"
"02-06-2022","16,638.50","16,484.00","16,689.00","16,484.00","6.47K","0.64%"
"01-06-2022","16,533.00","16,500.50","16,615.50","16,400.00","5.59K","-0.38%"
"31-05-2022","16,595.50","16,569.00","16,685.00","16,494.50","5.60K","-0.46%"
"30-05-2022","16,672.50","16,500.50","16,679.50","16,499.00","5.11K","1.88%"
"27-05-2022","16,364.50","16,266.50","16,386.00","16,200.50","6.71K","1.20%"
"26-05-2022","16,170.15","16,111.50","16,176.50","15,898.00","5.53K","0.90%"
"25-05-2022","16,026.50","16,221.00","16,221.00","15,936.00","5.51K","-0.62%"
"24-05-2022","16,126.00","16,204.50","16,233.00","16,014.00","5.97K","-0.56%"
"23-05-2022","16,216.00","16,255.50","16,384.50","16,154.50","6.04K","-0.16%"
"20-05-2022","16,241.50","16,000.50","16,267.50","15,999.50","5.57K","2.72%"
"19-05-2022","15,812.00","15,914.50","16,008.00","15,765.00","5.70K","-2.66%"
"18-05-2022","16,243.50","16,244.50","16,338.50","16,034.50","5.17K","-0.12%"
"17-05-2022","16,262.50","15,873.00","16,262.00","15,873.00","5.17K","2.63%"
"16-05-2022","15,846.00","15,812.50","15,973.50","15,773.50","4.02K","0.38%"
"13-05-2022","15,786.50","16,009.50","16,037.00","15,762.00","5.29K","-0.17%"
"12-05-2022","15,813.00","15,965.50","15,965.50","15,711.50","5.26K","-2.22%"
"11-05-2022","16,172.50","16,188.50","16,292.50","15,970.50","5.83K","-0.45%"
"10-05-2022","16,246.00","16,210.50","16,377.50","16,045.00","5.43K","-0.38%"
"09-05-2022","16,308.00","16,236.50","16,389.00","16,144.50","5.59K","-0.65%"
"06-05-2022","16,414.00","16,449.00","16,467.00","16,290.50","5.76K","-1.63%"
"05-05-2022","16,685.50","16,843.50","16,973.50","16,414.50","4.44K","0.03%"
"04-05-2022","16,681.00","17,073.50","17,075.00","16,626.00","5.42K","-2.29%"
"03-05-2022","17,072.50","16,978.00","17,063.50","16,940.00","5.25K","0.00%"
"02-05-2022","17,072.50","16,917.00","17,073.00","16,905.50","5.19K","-0.20%"
"29-04-2022","17,106.50","17,294.00","17,382.50","17,039.50","5.50K","-0.80%"
"28-04-2022","17,245.05","17,118.00","17,300.50","17,074.50","4.67K","1.21%"
"27-04-2022","17,038.50","17,027.00","17,110.50","16,928.00","6.15K","-0.95%"
"26-04-2022","17,201.50","17,132.00","17,221.50","17,024.50","5.34K","0.96%"
"25-04-2022","17,038.00","16,958.50","17,055.50","16,892.00","6.18K","-0.79%"
"22-04-2022","17,173.00","17,201.00","17,311.50","17,095.50","0.66K","-1.27%"
"21-04-2022","17,393.50","17,233.00","17,435.00","17,233.00","5.24K","1.49%"
"20-04-2022","17,138.00","17,016.50","17,216.00","17,010.50","6.45K","1.05%"
"19-04-2022","16,960.00","17,244.00","17,302.50","16,871.00","6.04K","-1.25%"
"18-04-2022","17,175.00","17,256.00","17,273.50","17,099.50","6.17K","-1.73%"
"14-04-2022","17,478.00","17,452.00","17,506.00","17,356.00","5.21K","-0.26%"
"13-04-2022","17,524.00","17,579.00","17,689.50","17,333.00","6.35K","-0.25%"
"12-04-2022","17,568.50","17,585.00","17,674.00","17,475.00","6.18K","-0.62%"
"11-04-2022","17,677.50","17,775.50","17,815.50","17,629.50","6.43K","-1.28%"
"08-04-2022","17,907.00","17,753.00","17,940.00","17,656.00","5.83K","0.92%"
"07-04-2022","17,743.00","17,766.00","17,860.50","17,667.00","6.08K","-0.45%"
"06-04-2022","17,823.00","17,867.00","17,964.00","17,747.00","6.12K","-1.04%"
"05-04-2022","18,010.50","18,201.00","18,201.00","17,939.50","6.03K","-0.26%"
"04-04-2022","18,057.00","17,710.50","18,216.50","17,710.50","6.34K","2.17%"
"01-04-2022","17,674.00","17,444.00","17,748.00","17,441.50","5.89K","1.20%"
"31-03-2022","17,464.75","17,523.00","17,555.50","17,440.50","4.89K","-0.19%"
"30-03-2022","17,498.50","17,531.00","17,558.00","17,436.00","5.70K","1.00%"
"29-03-2022","17,326.00","17,376.00","17,590.00","17,279.50","5.01K","0.60%"
"28-03-2022","17,222.50","17,199.50","17,351.00","17,026.00","8.55K","0.40%"
"25-03-2022","17,154.00","17,278.10","17,278.10","17,101.45","5.83K","-0.40%"
"24-03-2022","17,223.75","17,203.65","17,337.75","17,176.85","6.47K","-0.13%"
"23-03-2022","17,246.80","17,458.55","17,458.55","17,171.40","6.14K","-0.40%"
"22-03-2022","17,316.80","17,158.95","17,452.60","17,058.05","6.50K","1.16%"
"21-03-2022","17,119.05","17,406.40","17,406.40","17,146.60","6.04K","-0.97%"
"18-03-2022","17,287.40","17,270.00","17,431.60","17,234.60","5.99K","0.00%"
"17-03-2022","17,287.40","17,264.95","17,364.30","17,214.00","6.11K","1.84%"
"16-03-2022","16,975.70","16,909.35","17,294.05","16,851.80","7.22K","1.87%"
"15-03-2022","16,663.40","16,863.80","16,914.95","16,546.10","6.60K","-1.23%"
"14-03-2022","16,871.70","16,551.10","16,962.85","16,535.00","6.65K","1.45%"
"11-03-2022","16,630.95","16,506.05","16,845.80","16,494.60","6.66K","0.21%"
"10-03-2022","16,595.40","16,652.80","16,724.40","16,404.50","8.22K","1.53%"
"09-03-2022","16,345.85","15,949.45","16,577.25","15,894.10","8.55K","2.07%"
"08-03-2022","16,013.95","15,749.20","16,049.30","15,623.75","10.81K","0.95%"
"07-03-2022","15,863.70","15,813.00","16,030.60","15,664.35","8.38K","-2.35%"
"04-03-2022","16,245.95","16,294.95","16,449.00","16,085.50","6.38K","-1.53%"
"03-03-2022","16,498.70","16,669.45","16,754.05","16,370.05","6.74K","-0.65%"
"02-03-2022","16,606.65","16,462.35","16,739.45","16,462.35","7.21K","-1.12%"
"01-03-2022","16,794.60","16,914.95","16,952.00","16,458.80","8.73K","0.00%"
"28-02-2022","16,794.65","16,643.55","16,938.20","16,387.85","11.82K","0.81%"
"25-02-2022","16,659.20","16,522.00","16,879.60","16,470.40","10.67K","2.53%"
"24-02-2022","16,247.95","16,793.60","16,800.95","16,239.70","3.34K","-4.78%"
"23-02-2022","17,063.30","17,196.65","17,219.60","16,940.05","10.10K","-0.17%"
"22-02-2022","17,092.25","16,996.70","17,213.90","16,857.45","10.51K","-0.67%"
"21-02-2022","17,206.75","17,197.85","17,348.90","17,090.05","10.26K","-0.40%"
"18-02-2022","17,276.45","17,246.80","17,376.85","17,146.45","9.86K","-0.16%"
"17-02-2022","17,304.80","17,375.05","17,418.60","17,209.40","9.95K","-0.10%"
"16-02-2022","17,322.40","17,384.95","17,490.30","17,248.50","9.79K","-0.17%"
"15-02-2022","17,352.70","16,952.70","17,404.30","16,852.85","10.15K","3.03%"
"14-02-2022","16,843.05","17,132.00","17,156.15","16,812.50","10.07K","-3.06%"
"11-02-2022","17,375.00","17,416.70","17,456.05","17,280.60","9.86K","-1.31%"
"10-02-2022","17,606.20","17,510.45","17,655.55","17,453.45","10.08K","0.81%"
"09-02-2022","17,464.20","17,327.70","17,550.80","17,324.50","9.13K","1.14%"
"08-02-2022","17,267.15","17,231.60","17,304.60","17,060.20","8.86K","0.31%"
"07-02-2022","17,214.00","17,431.75","17,483.95","17,132.45","6.99K","-1.73%"
"04-02-2022","17,516.80","17,581.35","17,627.15","17,390.75","9.11K","-0.25%"
"03-02-2022","17,560.75","17,779.20","17,779.20","17,492.50","9.28K","-1.24%"
"02-02-2022","17,780.55","17,724.30","17,849.25","17,686.00","9.21K","1.16%"
"01-02-2022","17,577.40","17,498.85","17,681.30","17,249.65","9.52K","1.37%"
"31-01-2022","17,340.35","17,267.75","17,420.00","17,267.30","9.09K","1.39%"
"28-01-2022","17,102.60","17,148.75","17,381.35","17,043.00","6.27K","-0.04%"
"27-01-2022","17,110.15","16,996.30","17,170.95","16,869.25","5.45K","-0.97%"
"25-01-2022","17,278.00","16,947.30","17,301.00","16,941.25","8.26K","0.75%"
"24-01-2022","17,149.20","17,508.45","17,559.50","16,765.90","11.04K","-2.66%"
"21-01-2022","17,617.30","17,633.85","17,712.40","17,499.15","9.64K","-0.79%"
"20-01-2022","17,757.20","17,912.55","17,963.40","17,696.90","9.43K","-1.01%"
"19-01-2022","17,938.60","18,135.70","18,135.70","17,899.30","9.28K","-0.96%"
"18-01-2022","18,113.30","18,331.25","18,349.00","18,105.05","9.75K","-1.07%"
"17-01-2022","18,308.35","18,276.85","18,348.05","18,259.80","8.95K","0.29%"
"14-01-2022","18,256.10","18,223.95","18,324.10","18,198.80","10.56K","-0.01%"
"13-01-2022","18,258.15","18,318.40","18,360.00","18,214.40","10.86K","0.25%"
"12-01-2022","18,212.75","18,229.70","18,353.65","18,178.90","7.42K","0.87%"
"11-01-2022","18,056.15","18,017.95","18,194.25","17,998.45","7.61K","0.29%"
"10-01-2022","18,003.75","17,925.15","18,051.75","17,897.20","7.26K","1.07%"
"07-01-2022","17,813.20","17,833.50","17,927.65","17,746.70","10.42K","0.38%"
"06-01-2022","17,746.45","17,814.15","17,883.45","17,687.15","7.45K","-1.00%"
"05-01-2022","17,925.80","17,803.55","17,996.40","17,803.55","7.38K","0.67%"
"04-01-2022","17,806.40","17,680.30","17,885.15","17,645.80","7.72K","1.02%"
"03-01-2022","17,626.90","17,412.60","17,697.65","17,412.60","7.76K","1.56%"
"31-12-2021","17,355.35","17,268.00","17,468.75","17,264.40","6.78K","0.88%"
"30-12-2021","17,203.95","17,207.60","17,257.45","17,188.95","6.53K","-0.06%"
"29-12-2021","17,213.65","17,223.60","17,283.15","17,159.05","7.32K","-0.11%"
"28-12-2021","17,233.35","17,200.50","17,277.50","17,181.50","7.66K","0.86%"
"27-12-2021","17,086.40","16,964.05","17,173.50","16,853.35","7.34K","0.48%"
"24-12-2021","17,004.05","17,166.50","17,166.50","16,938.05","6.97K","-0.40%"
"23-12-2021","17,072.95","17,065.05","17,151.65","17,047.45","7.34K","0.69%"
"22-12-2021","16,955.85","16,855.85","17,090.95","16,841.00","7.60K","1.10%"
"21-12-2021","16,771.30","16,805.05","16,955.10","16,721.75","7.15K","0.94%"
"20-12-2021","16,614.70","16,889.85","16,890.55","16,434.65","7.20K","-2.18%"
"17-12-2021","16,985.80","17,274.50","17,274.65","16,945.95","7.93K","-1.53%"
"16-12-2021","17,249.15","17,357.15","17,384.55","17,238.05","9.32K","0.16%"
"15-12-2021","17,222.20","17,328.05","17,345.00","17,188.00","14.91K","-0.60%"
"14-12-2021","17,325.75","17,306.15","17,411.55","17,277.40","7.94K","-0.25%"
"13-12-2021","17,369.15","17,669.65","17,686.55","17,340.00","7.46K","-0.82%"
"10-12-2021","17,512.30","17,518.45","17,619.95","17,438.70","7.63K","-0.03%"
"09-12-2021","17,517.90","17,568.60","17,593.80","17,426.40","7.68K","0.27%"
"08-12-2021","17,470.80","17,346.90","17,537.10","17,342.65","7.49K","1.71%"
"07-12-2021","17,177.80","17,056.60","17,315.10","17,046.15","7.36K","1.56%"
"06-12-2021","16,913.40","17,245.90","17,253.20","16,914.55","7.61K","-1.65%"
"03-12-2021","17,198.00","17,393.60","17,503.40","17,170.40","8.07K","-1.18%"
"02-12-2021","17,403.00","17,187.60","17,465.85","17,180.65","7.92K","1.37%"
"01-12-2021","17,168.15","17,146.90","17,318.25","17,113.80","8.27K","0.65%"
"29-11-2021","17,056.60","16,869.50","17,211.95","16,869.50","4.59K","0.16%"
"26-11-2021","17,029.35","17,388.45","17,392.65","16,886.40","5.47K","-2.89%"
"25-11-2021","17,536.25","17,391.50","17,562.00","17,350.85","4.44K","0.70%"
"24-11-2021","17,415.10","17,561.85","17,605.40","17,323.80","4.30K","-0.50%"
"23-11-2021","17,503.45","17,357.70","17,549.65","17,252.95","5.18K","0.50%"
"22-11-2021","17,416.70","17,784.00","17,807.95","17,303.95","3.71K","-1.96%"
"19-11-2021","17,765.10","17,756.85","17,811.95","17,699.20","1.24K","0.00%"
"18-11-2021","17,765.15","17,877.15","17,942.65","17,656.70","2.46K","-0.75%"
"17-11-2021","17,899.00","17,927.30","18,029.25","17,837.80","4.62K","-0.56%"
"16-11-2021","17,999.60","18,185.20","18,187.40","17,943.55","4.35K","-0.61%"
"15-11-2021","18,109.90","18,205.55","18,235.55","18,088.30","3.88K","0.04%"
"12-11-2021","18,103.35","17,970.50","18,184.35","17,923.70","4.70K","1.28%"
"11-11-2021","17,874.25","17,970.95","17,981.15","17,807.20","5.22K","-0.80%"
"10-11-2021","18,017.90","17,947.30","18,079.45","17,931.25","4.26K","-0.15%"
"09-11-2021","18,045.00","18,131.80","18,138.35","17,983.05","4.19K","-0.13%"
"08-11-2021","18,069.35","17,991.05","18,181.95","17,862.60","4.84K","0.85%"
"05-11-2021","17,917.70","17,936.05","18,005.00","17,844.50","4.23K","0.00%"
"04-11-2021","17,917.75","17,931.65","17,931.65","17,927.00","0.01K","0.49%"
"03-11-2021","17,830.10","17,953.85","18,020.15","17,777.30","5.03K","-0.33%"
"02-11-2021","17,889.85","18,003.55","18,028.00","17,864.95","4.67K","-0.23%"
"01-11-2021","17,930.75","17,776.70","18,037.35","17,735.50","4.85K","1.46%"
"29-10-2021","17,672.85","17,880.05","17,943.75","17,665.25","5.47K","-1.03%"
"28-10-2021","17,857.25","18,155.40","18,159.55","17,885.30","0.80K","-1.94%"
"27-10-2021","18,211.00","18,283.55","18,344.50","18,187.00","5.03K","-0.31%"
"26-10-2021","18,268.50","18,175.45","18,368.00","18,107.65","4.76K","0.79%"
"25-10-2021","18,125.55","18,157.20","18,232.60","17,991.35","5.34K","0.06%"
"22-10-2021","18,115.20","18,268.05","18,310.95","18,056.50","5.07K","-0.35%"
"21-10-2021","18,178.45","18,351.20","18,383.60","18,081.25","6.33K","-0.48%"
"20-10-2021","18,267.00","18,443.40","18,465.95","18,261.35","6.44K","-0.83%"
"19-10-2021","18,419.20","18,569.45","18,599.20","18,394.60","5.57K","-0.32%"
"18-10-2021","18,477.45","18,430.80","18,545.65","18,424.80","4.76K","0.75%"
"15-10-2021","18,339.15","18,384.80","18,486.40","18,348.10","4.18K","0.00%"
"14-10-2021","18,339.20","18,260.65","18,402.90","18,243.80","4.76K","0.97%"
"13-10-2021","18,162.45","18,051.80","18,240.10","18,051.80","4.79K","0.94%"
"12-10-2021","17,992.70","17,871.90","18,043.50","17,865.55","4.78K","0.26%"
"11-10-2021","17,946.65","17,915.55","18,063.75","17,886.30","4.36K","0.28%"
"08-10-2021","17,896.10","17,841.20","17,935.75","17,838.25","4.54K","0.59%"
"07-10-2021","17,791.30","17,770.55","17,886.15","17,756.05","4.89K","0.82%"
"06-10-2021","17,647.00","17,779.05","17,854.85","17,605.75","4.88K","-0.99%"
"05-10-2021","17,823.20","17,615.75","17,877.00","17,615.60","4.55K","0.74%"
"04-10-2021","17,692.20","17,569.40","17,747.65","17,569.40","4.43K","0.91%"
"01-10-2021","17,533.10","17,431.90","17,637.80","17,431.75","0.93K","-0.48%"
"30-09-2021","17,618.15","17,648.60","17,738.30","17,582.90","1.77K","-0.53%"
"29-09-2021","17,711.35","17,636.50","17,781.05","17,616.05","1.99K","-0.21%"
"28-09-2021","17,748.70","17,911.15","17,911.15","17,582.90","4.42K","-0.60%"
"27-09-2021","17,855.25","17,886.50","17,902.85","17,803.55","4.35K","0.01%"
"24-09-2021","17,853.50","17,845.15","17,934.90","17,828.20","4.13K","0.17%"
"23-09-2021","17,823.25","17,649.90","17,850.30","17,647.20","4.41K","1.57%"
"22-09-2021","17,547.00","17,526.15","17,649.75","17,526.15","4.29K","-0.09%"
"21-09-2021","17,562.35","17,423.95","17,570.65","17,341.15","4.83K","0.95%"
"20-09-2021","17,397.30","17,437.15","17,617.95","17,342.15","4.74K","-1.07%"
"17-09-2021","17,585.75","17,695.80","17,807.90","17,501.50","4.83K","-0.25%"
"16-09-2021","17,630.05","17,524.85","17,644.70","17,504.20","4.66K","0.63%"
"15-09-2021","17,520.05","17,410.55","17,549.65","17,405.90","4.00K","0.80%"
"14-09-2021","17,380.65","17,406.15","17,435.65","17,375.15","4.08K","0.14%"
"13-09-2021","17,355.95","17,369.65","17,414.40","17,271.25","4.34K","-0.08%"
"10-09-2021","17,370.05","17,411.95","17,460.25","17,384.80","3.84K","0.00%"
"09-09-2021","17,370.05","17,323.65","17,432.25","17,306.40","4.56K","0.09%"
"08-09-2021","17,354.35","17,418.00","17,421.10","17,283.80","4.39K","-0.05%"
"07-09-2021","17,363.00","17,418.45","17,453.05","17,313.35","4.51K","-0.09%"
"06-09-2021","17,378.75","17,385.80","17,441.65","17,370.30","4.86K","0.31%"
"03-09-2021","17,324.65","17,291.15","17,400.00","17,237.60","4.79K","0.52%"
"02-09-2021","17,235.25","17,081.20","17,304.85","17,079.35","4.76K","0.92%"
"01-09-2021","17,077.35","17,132.00","17,238.80","17,087.80","4.85K","-0.33%"
"31-08-2021","17,133.50","16,934.05","17,154.50","16,934.05","4.36K","1.19%"
"30-08-2021","16,932.80","16,811.20","16,978.35","16,794.50","5.06K","1.35%"
"27-08-2021","16,707.10","16,685.25","16,827.45","16,585.45","5.02K","0.42%"
"26-08-2021","16,636.90","16,608.90","16,672.25","16,605.10","7.37K","0.01%"
"25-08-2021","16,634.70","16,659.90","16,720.20","16,609.25","9.03K","0.06%"
"24-08-2021","16,624.70","16,589.70","16,684.55","16,506.75","5.77K","0.78%"
"23-08-2021","16,496.60","16,566.85","16,571.45","16,403.50","2.80K","0.28%"
"20-08-2021","16,450.75","16,346.90","16,532.25","16,333.95","5.05K","-0.71%"
"19-08-2021","16,569.15","16,394.70","16,394.70","16,236.60","3.96K","0.00%"
"18-08-2021","16,569.20","16,658.65","16,697.45","16,516.25","8.90K","-0.28%"
"17-08-2021","16,615.00","16,543.65","16,621.10","16,493.00","9.68K","0.31%"
"16-08-2021","16,563.50","16,484.30","16,592.90","16,468.00","9.45K","0.20%"
"13-08-2021","16,529.70","16,361.85","16,559.25","16,355.20","9.46K","1.01%"
"12-08-2021","16,365.05","16,334.60","16,376.15","16,292.45","8.80K","0.50%"
"11-08-2021","16,282.95","16,324.10","16,363.00","16,191.00","9.47K","0.01%"
"10-08-2021","16,280.85","16,257.55","16,361.35","16,225.15","9.26K","0.13%"
"09-08-2021","16,259.05","16,268.65","16,327.15","16,184.65","9.20K","0.12%"
"06-08-2021","16,239.10","16,313.00","16,336.00","16,242.50","9.28K","-0.35%"
"05-08-2021","16,295.45","16,285.20","16,359.55","16,233.05","9.50K","0.22%"
"04-08-2021","16,259.70","16,229.15","16,301.50","16,210.90","9.40K","0.79%"
"03-08-2021","16,131.70","15,908.30","16,169.20","15,905.15","9.37K","1.55%"
"02-08-2021","15,886.10","15,882.30","15,924.30","15,868.90","9.37K","0.24%"
"30-07-2021","15,848.40","15,756.45","15,875.85","15,756.45","9.22K","0.44%"
"29-07-2021","15,778.45","15,764.65","15,803.55","15,730.10","3.89K","0.44%"
"28-07-2021","15,709.45","15,769.85","15,774.35","15,510.95","7.75K","-0.24%"
"27-07-2021","15,746.55","15,863.80","15,872.55","15,699.25","9.36K","-0.49%"
"26-07-2021","15,824.60","15,743.05","15,883.40","15,742.45","9.11K","-0.20%"
"23-07-2021","15,856.30","15,831.00","15,893.95","15,766.35","9.44K","0.20%"
"22-07-2021","15,824.35","15,811.05","15,831.40","15,765.50","7.92K","1.23%"
"21-07-2021","15,632.45","15,632.45","15,632.45","15,632.45","","0.00%"
"20-07-2021","15,632.45","15,632.45","15,632.45","15,632.45","","-0.76%"
"19-07-2021","15,752.75","15,752.75","15,752.75","15,752.75","","-1.08%"
"16-07-2021","15,923.95","15,950.75","15,974.60","15,866.90","8.49K","-0.01%"
"15-07-2021","15,924.75","15,888.40","15,971.15","15,883.15","8.19K","0.44%"
"14-07-2021","15,854.55","15,803.10","15,904.75","15,778.45","8.70K","0.26%"
"13-07-2021","15,813.05","15,822.65","15,855.75","15,761.90","8.00K","0.76%"
"12-07-2021","15,693.35","15,781.75","15,806.40","15,659.70","8.33K","0.02%"
"09-07-2021","15,690.70","15,668.85","15,773.15","15,637.00","6.84K","-0.24%"
"08-07-2021","15,728.80","15,835.45","15,888.00","15,688.40","4.47K","-0.96%"
"07-07-2021","15,880.65","15,779.60","15,918.20","15,776.95","8.76K","0.39%"
"06-07-2021","15,819.25","15,808.90","15,934.95","15,758.85","7.36K","-0.10%"
"05-07-2021","15,835.40","15,813.80","15,872.65","15,811.50","8.43K","0.71%"
"02-07-2021","15,723.40","15,740.10","15,809.35","15,657.85","8.71K","0.27%"
"01-07-2021","15,681.20","15,753.95","15,768.50","15,692.85","8.80K","-0.26%"
"30-06-2021","15,722.75","15,830.90","15,880.05","15,729.95","8.61K","-0.17%"
"29-06-2021","15,749.75","15,845.70","15,861.10","15,763.15","8.40K","-0.42%"
"28-06-2021","15,816.75","15,913.75","15,936.80","15,833.00","7.20K","-0.29%"
"25-06-2021","15,862.60","15,835.75","15,905.00","15,808.55","8.66K","0.46%"
"24-06-2021","15,790.45","15,725.10","15,819.55","15,713.80","7.96K","0.66%"
"23-06-2021","15,687.00","15,855.50","15,858.60","15,677.90","8.21K","-0.54%"
"22-06-2021","15,772.85","15,813.15","15,873.20","15,723.15","8.25K","0.17%"
"21-06-2021","15,746.65","15,551.40","15,786.50","15,539.40","8.31K","0.40%"
"18-06-2021","15,683.60","15,744.15","15,744.15","15,471.95","5.86K","-0.05%"
"17-06-2021","15,691.65","15,666.75","15,773.50","15,626.05","5.34K","-0.48%"
"16-06-2021","15,767.85","15,833.05","15,883.10","15,769.85","3.45K","-0.64%"
"15-06-2021","15,869.55","15,844.00","15,910.80","15,811.55","4.51K","0.36%"
"14-06-2021","15,812.15","15,763.20","15,839.40","15,637.85","4.79K","0.08%"
"11-06-2021","15,799.75","15,809.35","15,861.50","15,770.50","5.54K","0.39%"
"10-06-2021","15,738.20","15,700.00","15,799.55","15,670.00","2.70K","0.65%"
"09-06-2021","15,635.90","15,791.00","15,872.75","15,607.80","5.48K","-0.67%"
"08-06-2021","15,740.65","15,759.00","15,796.80","15,713.25","5.01K","-0.07%"
"07-06-2021","15,752.25","15,728.45","15,816.30","15,725.75","4.17K","0.52%"
"04-06-2021","15,670.95","15,687.40","15,775.60","15,663.10","1.29K","-0.13%"
"03-06-2021","15,691.20","15,709.85","15,727.20","15,640.65","1.42K","0.00%"
"02-06-2021","15,691.80","15,567.10","15,712.35","15,510.05","1.36K","0.75%"
"01-06-2021","15,575.75","15,635.35","15,662.20","15,560.05","0.71K","-0.05%"
"31-05-2021","15,583.75","15,460.65","15,605.00","15,418.15","1.45K","0.95%"
"28-05-2021","15,436.70","15,445.90","15,508.35","15,429.40","6.45K","0.64%"
"27-05-2021","15,337.85","15,313.40","15,368.35","15,281.10","6.10K","-0.01%"
"26-05-2021","15,339.40","15,249.15","15,340.50","15,203.25","6.20K","0.86%"
"25-05-2021","15,208.55","15,307.20","15,309.75","15,164.50","6.11K","0.07%"
"24-05-2021","15,197.85","15,150.80","15,264.45","15,150.40","6.19K","0.15%"
"21-05-2021","15,175.55","15,028.35","15,222.75","14,994.80","5.99K","1.81%"
"20-05-2021","14,906.35","15,029.70","15,076.45","14,915.55","5.88K","-0.83%"
"19-05-2021","15,030.50","15,068.15","15,161.35","14,987.35","6.11K","-0.52%"
"18-05-2021","15,108.50","15,118.70","15,182.40","15,088.25","5.45K","1.24%"
"17-05-2021","14,923.60","14,768.15","15,044.40","14,750.70","5.57K","1.67%"
"14-05-2021","14,678.35","14,671.90","14,804.50","14,617.90","6.67K","0.47%"
"13-05-2021","14,609.95","14,578.30","14,631.85","14,470.00","0.29K","-0.59%"
"12-05-2021","14,697.05","14,809.45","14,809.45","14,567.00","6.45K","-1.04%"
"11-05-2021","14,851.40","14,779.95","14,936.35","14,758.35","6.24K","-0.61%"
"10-05-2021","14,943.05","14,989.05","15,024.50","14,923.25","5.65K","0.80%"
"07-05-2021","14,824.00","14,857.35","14,974.35","14,809.30","6.10K","-0.03%"
"06-05-2021","14,828.50","14,687.55","14,837.20","14,665.60","6.96K","0.73%"
"05-05-2021","14,721.15","14,606.05","14,727.75","14,552.60","8.12K","1.54%"
"04-05-2021","14,497.50","14,714.40","14,753.75","14,412.75","9.17K","-0.94%"
"03-05-2021","14,635.25","14,466.70","14,745.40","14,465.50","6.86K","-0.01%"
"30-04-2021","14,637.15","14,757.10","14,891.75","14,610.00","7.37K","-1.73%"
"29-04-2021","14,894.90","14,961.60","15,000.00","14,900.00","0.61K","0.20%"
"28-04-2021","14,864.60","14,883.10","14,922.35","14,860.60","1.20K","1.44%"
"27-04-2021","14,653.15","14,449.15","14,687.85","14,449.15","1.51K","1.16%"
"26-04-2021","14,485.15","14,479.30","14,560.75","14,433.10","4.56K","1.00%"
"23-04-2021","14,341.65","14,312.15","14,432.50","14,297.50","2.28K","-0.45%"
"22-04-2021","14,406.45","14,200.65","14,439.10","14,197.45","4.62K","0.77%"
"21-04-2021","14,296.75","14,067.05","14,153.65","14,020.95","3.74K","0.00%"
"20-04-2021","14,296.80","14,485.00","14,511.50","14,261.55","3.60K","-0.44%"
"19-04-2021","14,359.95","14,461.45","14,473.35","14,319.60","4.58K","-1.77%"
"16-04-2021","14,618.50","14,610.45","14,736.00","14,604.25","4.63K","0.25%"
"15-04-2021","14,582.15","14,660.40","14,662.90","14,384.00","4.56K","0.53%"
"14-04-2021","14,505.50","14,551.35","14,794.25","14,546.35","4.43K","0.00%"
"13-04-2021","14,505.50","14,383.25","14,527.30","14,334.00","4.58K","1.36%"
"12-04-2021","14,311.55","14,626.70","14,659.95","14,321.75","4.41K","-3.53%"
"09-04-2021","14,835.75","14,883.65","14,962.35","14,823.35","4.64K","-0.26%"
"08-04-2021","14,874.75","14,934.05","15,049.00","14,934.05","4.70K","0.37%"
"07-04-2021","14,820.05","14,721.15","14,935.75","14,716.65","4.74K","0.92%"
"06-04-2021","14,684.55","14,749.90","14,835.00","14,672.15","5.06K","0.31%"
"05-04-2021","14,638.90","14,805.25","14,827.00","14,541.00","3.13K","-1.54%"
"01-04-2021","14,868.60","14,851.60","14,977.40","14,765.10","4.77K","1.20%"
"31-03-2021","14,692.10","14,876.90","14,882.35","14,729.50","4.70K","-1.04%"
"30-03-2021","14,846.45","14,727.00","14,957.35","14,720.50","4.85K","2.32%"
"29-03-2021","14,509.65","14,742.75","14,788.05","14,611.35","3.37K","-34.47%"